{"fxVolume":0.3387164771556854,"musicVolume":0.5765174627304077}