{"fxVolume":0.6000000238418579,"musicVolume":0.699999988079071}