{"fxVolume":0.699999988079071,"musicVolume":0.6000000238418579}